{"chrome://browser/content/browser.xhtml":{"main-window":{"screenX":"479","screenY":"52","width":"1293","height":"976","sizemode":"normal"},"sidebar-box":{"sidebarcommand":"viewHistorySidebar"},"sidebar-title":{"value":"History"}},"chrome://browser/content/places/bookmarksSidebar.xhtml":{"place:parent=toolbar_____":{"open":"true"},"place:parent=menu________":{"open":"true"},"place:parent=hzF_hyod6tk5":{"open":"true"}},"chrome://browser/content/places/bookmarkProperties.xhtml":{"bookmarkproperties":{"screenX":"920","screenY":"884","width":"373"}},"chrome://browser/content/places/historySidebar.xhtml":{"place:type=0&sort=1&beginTime=1606982400000000&endTime=1607068800000000":{"open":"true"}}}