{"nextId":2,"logins":[{"id":1,"hostname":"https://mail.megacorp.local","httpRealm":null,"formSubmitURL":"","usernameField":"","passwordField":"","encryptedUsername":"MDIEEPgAAAAAAAAAAAAAAAAAAAEwFAYIKoZIhvcNAwcECDNvGny2KJAoBAh3PMC7YLpcxg==","encryptedPassword":"MDoEEPgAAAAAAAAAAAAAAAAAAAEwFAYIKoZIhvcNAwcECI6Tfk246VL1BBDGjQpuzY+KjBIDGCx6YIZO","guid":"{402566bb-bdb9-44b7-831e-fe62c1f79a99}","encType":1,"timeCreated":1607062271982,"timeLastUsed":1607062271982,"timePasswordChanged":1607062271982,"timesUsed":1}],"potentiallyVulnerablePasswords":[],"dismissedBreachAlertsByLoginGUID":{},"version":3}